{
  "settings": {
    "bg_history": 500,
    "bg_var_threshold": 30,
    "min_area": 500,
    "max_distance": 100.0,
    "max_missed": 60,
    "stationary_distance": 50.0,
    "stationary_min_frames": 2,
    "threshold": 0.01,
    "jpeg_quality": 70,
    "process_every_n": 1,
    "process_width": 1280,
    "merge_gap": 30,
    "fragment_min_area": 30,
    "max_event_area": 1000
  },
  "camera_settings": {
    "1bf0f3cf": {
      "process_every_n": 1
    },
    "55d7b184": {
      "threshold": 0.9
    },
    "b3df028b": {
      "threshold": 0.1
    },
    "1fd63968": {
      "threshold": 0.95
    },
    "a06c53b0": {
      "min_area": 500,
      "fragment_min_area": 10
    },
    "3061f530": {
      "roi": [
        0.07302631578947369,
        0.18888888888888888,
        0.3526315789473684,
        0.7035087719298245
      ]
    },
    "78036e92": {
      "roi": [
        0.5980263157894737,
        0.20292397660818715,
        0.7559210526315789,
        0.7690058479532164
      ]
    },
    "909c7be6": {
      "roi": [
        0.16,
        0.13,
        0.45,
        0.57
      ]
    },
    "06b9cb12": {
      "roi": [
        0.37894736842105264,
        0.612280701754386,
        0.8157894736842105,
        0.9070175438596492
      ]
    },
    "248a70bc": {
      "roi": [
        0.17105263157894737,
        0.17251461988304093,
        0.45921052631578946,
        0.5116959064327485
      ]
    }
  }
}